gre,corem,qval_BH
2,2,1.43E-163
3,2,2.70E-164
8,4,3.29E-187
27,4,5.05E-86
79,4,2.08E-16
147,4,1.20E-16
34,16,0.000670574
15,17,6.50E-105
95,17,9.59E-26
7,17,9.96E-122
89,19,2.89E-14
16,19,3.12E-13
41,19,5.81E-09
61,19,3.15E-09
24,21,1.66E-05
25,21,1.60E-139
4,22,0.004799567
60,22,0.000688784
95,22,0.004235677
21,22,0.006974582
38,22,0.002663057
39,22,1.00E-87
82,22,0.004799567
101,22,3.20E-28
126,22,9.75E-30
1,24,1.25E-58
5,24,0.000255917
16,26,0.003439773
8,28,2.93E-14
27,28,4.77E-06
15,28,4.77E-06
131,30,1.62E-09
148,31,0.000783088
1,32,1.84E-09
18,32,6.75E-168
16,34,2.42E-70
24,34,1.41E-07
60,34,0.007062007
61,34,4.10E-07
93,34,0.002934414
41,34,6.32E-18
12,36,2.08E-05
34,36,1.35E-87
91,36,6.05E-09
28,36,3.85E-71
144,39,0.00656154
10,40,9.25E-14
24,41,2.87E-05
21,41,0.000357274
67,41,1.86E-11
129,41,0.008920666
70,41,0.000241046
8,45,3.28E-08
27,45,0.000103414
37,45,3.22E-90
5,46,0
162,46,1.06E-14
85,50,0.009731976
14,51,0.003518383
61,51,4.72E-13
90,51,0.002772855
16,51,2.52E-16
41,51,6.70E-15
1,53,5.01E-25
97,53,0.008074387
80,58,0.008729092
94,58,0.007831464
139,60,3.92E-16
6,61,0.000133037
12,61,1.27E-169
14,61,2.66E-111
5,61,0.000886573
13,61,8.37E-76
140,61,1.00E-11
124,61,2.01E-15
34,61,1.78E-05
28,61,1.50E-06
6,62,0
44,62,4.50E-51
46,62,4.17E-39
12,62,0.000923493
112,62,3.49E-17
91,62,0.005525476
28,62,1.23E-06
21,63,0.001194772
1,63,0.006644388
60,63,0.00321849
24,63,0.009768759
118,63,0.000346485
4,64,3.53E-65
38,64,1.14E-07
39,64,0.002116855
62,64,0.008336141
51,64,3.92E-05
1,65,0
5,65,0.000510452
102,65,1.04E-23
162,65,8.24E-06
18,65,5.55E-05
19,66,2.98E-109
22,66,2.98E-141
42,66,1.85E-60
50,66,1.82E-44
75,66,2.14E-26
47,66,8.18E-49
80,66,9.75E-31
17,67,8.22E-91
139,67,0.002195393
109,67,4.39E-11
141,67,1.93E-09
1,68,2.85E-08
10,68,2.20E-15
97,68,0.004971167
156,69,4.36E-16
73,69,4.36E-16
17,70,6.22E-16
95,70,2.80E-05
15,70,3.01E-07
7,70,2.59E-16
11,71,8.79E-70
64,71,1.72E-06
53,71,6.99E-17
59,71,6.94E-27
156,71,0.000197396
9,72,7.58E-121
49,73,0.003153507
13,73,0.00038047
1,74,3.27E-08
34,74,0.00531382
25,74,7.99E-21
28,74,0.000513609
24,74,0.007018975
10,74,2.54E-10
2,76,0
3,76,0
161,76,1.12E-06
10,78,4.68E-144
6,80,1.96E-06
12,80,0.006246357
34,80,4.06E-80
91,80,4.61E-08
28,80,2.29E-67
51,80,3.33E-05
24,81,1.11E-10
25,81,1.05E-172
118,81,4.03E-31
21,81,0.00707334
74,81,3.76E-14
132,81,4.56E-08
14,82,0.000365526
6,82,2.79E-64
10,82,0.000197851
34,82,0.003536052
89,83,4.10E-05
12,87,0.002706665
1,88,2.30E-11
74,88,4.75E-05
69,88,0.001827932
79,89,0.002265901
10,89,1.08E-86
16,90,7.37E-93
28,90,0.000600085
34,90,0.006887767
41,90,1.89E-25
61,90,1.56E-08
10,91,1.25E-36
9,92,1.56E-06
89,93,3.44E-05
8,97,1.12E-05
10,97,0
16,99,2.64E-29
28,99,0.002916752
29,99,0.002916752
41,99,7.26E-13
61,99,1.15E-07
89,100,0.000307676
113,101,3.76E-12
157,101,6.22E-06
21,101,2.11E-53
20,101,4.39E-61
60,101,1.19E-29
77,101,1.05E-20
135,101,1.68E-16
74,101,7.79E-14
118,101,5.63E-29
132,101,3.90E-12
129,101,1.98E-17
108,101,6.07E-26
89,102,0.000409807
10,102,3.94E-44
61,103,1.01E-07
16,103,6.04E-75
24,103,3.42E-27
97,103,0.005971044
134,103,2.82E-06
93,103,0.00613292
41,103,1.02E-15
6,104,4.45E-62
14,104,0.000783241
44,104,5.45E-19
34,104,0.006032805
16,105,2.59E-79
28,105,0.000224729
41,105,1.33E-18
61,105,9.58E-14
24,105,6.50E-14
1,106,2.32E-177
18,106,6.09E-148
24,107,3.57E-23
25,107,5.75E-154
97,107,0.008158625
101,107,0.008158625
24,108,2.41E-06
25,108,9.62E-147
8,118,0.002409823
79,118,0.002409823
1,121,8.73E-13
18,121,3.06E-176
16,123,2.15E-41
41,123,2.49E-21
61,123,5.13E-14
24,124,7.59E-47
25,124,2.35E-10
97,124,0.000414873
132,124,2.54E-06
134,124,0.000245724
12,125,2.51E-09
13,127,0.00376245
29,127,0.000859214
16,129,9.21E-05
61,129,0.008166712
20,132,1.76E-08
50,132,0.00108974
10,134,0.000107858
29,136,0.006305883
1,137,4.65E-81
5,137,0.000306087
12,138,0.000147318
5,139,0.003158547
55,140,0.000894453
1,145,3.07E-91
99,145,0.008303789
74,145,0.000940923
102,145,0.000722964
55,145,0.002015335
128,145,0.005408952
24,146,3.17E-39
14,149,0.007813536
146,150,0.008404833
42,151,0.000922288
1,152,1.86E-08
18,152,0.00304383
12,153,6.66E-05
1,154,1.71E-09
27,155,0.007376368
12,156,0.004336648
12,158,2.24E-17
14,158,9.41E-17
61,158,0.002285759
139,159,0.000391377
4,161,0.007642397
5,161,0.003609768
1,161,3.26E-12
22,161,0.003358429
12,162,2.71E-14
21,162,0.005342085
13,163,0.005226328
16,167,1.56E-19
61,167,1.22E-05
16,169,1.55E-48
24,169,0.001669017
61,169,3.52E-06
93,169,0.006021223
8,170,0
27,170,1.25E-137
79,170,6.67E-24
147,170,6.44E-12
1,172,0.000261736
6,172,1.26E-67
10,172,8.58E-09
14,172,0.007187469
34,172,0.000967462
1,173,2.04E-05
89,173,0.002222184
10,173,1.11E-23
162,176,0.006367181
24,182,0.008530024
28,182,0.000482141
1,185,0.00208903
8,187,9.01E-06
10,187,0.0000000000000000000000000000000000000000000000000000000000000000000000000000000000000000000000000000000000000000000000000000000000000000000000000000000000000000000000000000000000000000000000000000000000000000000000000000000000000000000000000000000000000000000000000000000000000000000000000000000000000000000000000000537329788690014
10,192,5.25E-15
25,192,0.009853809
16,194,0.000000000000000000000000000000000000000000000000000000000000000000000000000000000000000000000000000000000000000000000000000000000000000000000000000000000000000000000000000000000000000000000000000000000000000000000000000000000000000000000000000000000287600206191143
41,194,1.09E-94
61,194,9.78E-71
16,196,4.27E-06
41,196,0.000342812
61,196,0.000558693
89,196,1.35E-53
8,197,0.000000000000000000000000000000000000000000000000000000000000000000000000000000000000000000000000000000000000000000000000000000000000000000000000000000000000000000000000000000000000000000000000000000000000000000000000000000000000000000000000000000000000000000000000000000000000000000000000000000000331384512847279
27,197,2.62E-111
79,197,5.85E-21
147,197,1.95E-12
1,198,0.000856694
89,198,0.000105759
131,199,4.18E-10
144,199,0.007430826
73,200,0.009546347
10,202,0.0000000000000000000000000000000000000000000000000000000000000000000000000000000000000000000000000000000000000000000000000000000000000000000000000000000000000000000000000000000000000000000000000000000000000000000000000000000000000000000000000000000000000000000000000000000000000000000000000000000000000000000000000000260834052671553
8,202,0.000588424
34,203,8.64E-06
6,203,0.000172566
25,203,1.03E-09
118,203,0.001438577
1,204,4.35E-07
10,204,2.82E-14
14,205,0.000124928
6,205,3.29E-197
44,205,3.64E-32
46,205,2.51E-22
12,205,0.003204387
112,205,1.82E-18
91,205,0.002378867
28,205,0.002010084
1,206,1.80E-10
10,209,2.88E-08
83,210,0.001066163
8,212,1.62E-05
10,212,0
5,213,0.000637586
1,214,0.002576582
24,214,7.24E-05
21,214,0.003182157
129,214,0.003844324
102,214,0.005333033
118,214,0.000508012
27,215,2.68E-10
79,215,0.000287432
8,215,5.72E-34
15,215,0.000113645
8,216,0.0000000000000000000000000000000000000000000000000000000000000000000000000000000000000000000000000000000000000000000000000000000000000000000000000000000000000000000000000000000000000000000000000000000000000000000000000000000000000000000000000934145456161836
27,216,4.97E-110
79,216,1.62E-11
147,216,2.11E-13
21,217,0.007818308
118,217,0.000154257
24,218,2.21E-22
67,218,2.67E-16
70,218,0.000289154
71,218,0.003338483
21,218,0.000593855
21,220,0.00640246
118,220,0.008056841
1,221,6.45E-08
18,221,5.99E-175
25,221,1.22E-07
14,222,0.001700073
34,222,0.003900182
1,223,1.93E-10
19,225,0.000164509
22,225,1.12E-14
42,225,2.69E-06
50,225,0.001056366
75,225,0.000244397
6,226,7.38E-54
34,226,0.000246596
28,226,0.000540049
25,226,0.006206574
15,227,0.000000000000000000000000000000000000000000000000000000000000000000000000000000000000000000000000000000000000000000000000000000000000000000000000000000000000000000000000000000000000000000000000000000000000000000000000000000000000000000000000000000000000000000000000000000000000000000000000000000000000195504244051602
95,227,1.12E-39
7,227,0
21,228,6.83E-08
60,228,0.001540944
67,228,3.25E-15
98,228,0.001723224
24,228,9.92E-06
70,228,0.000673003
118,228,0.009198617
129,228,0.007587052
89,229,1.11E-21
16,229,6.31E-11
41,229,1.17E-07
61,229,4.74E-08
89,230,2.48E-19
16,230,1.96E-10
41,230,2.22E-07
61,230,8.56E-08
14,232,0.001520016
34,232,0.003639949
14,233,0.00186232
34,233,0.004117742
6,233,7.96E-65
61,234,1.03E-10
16,234,4.96E-12
41,234,2.27E-14
11,235,7.82E-62
12,236,1.77E-17
24,237,7.00E-07
21,237,0.00027818
67,237,4.35E-27
1,237,2.22E-06
70,237,0.000157449
24,238,4.36E-09
25,238,0.002007693
134,238,0.002007693
5,239,0.0000000000000000000000000000000000000000000000000000000000000000000000000000000000000000000000000000000000000000000000000000000000000000000000000000000000000000000000000000000000000000000000000000000000000000000000000000000000000000000000000000369781882055925
1,239,0.000000000000000000000000000000000000000000000000000000000000000000000000000000000000000000000000000000000000000000000000000000000000000000000000000000000000000000000000000000000000000000000000000000000000000000000000000000000000000000000000000000000000000000000000000000000000000000000000000000000000000000000171581403520499
102,239,5.87E-25
162,239,6.49E-08
1,241,0.00156135
24,241,4.47E-104
25,241,2.06E-07
97,241,0.002102194
132,241,0.001204763
134,241,4.25E-05
118,241,0.00156135
21,241,3.29E-05
8,242,5.68E-05
37,242,6.91E-92
12,243,6.98E-08
21,243,7.17E-05
24,243,6.75E-06
98,243,0.001667167
6,244,0.00068957
25,244,3.26E-95
16,246,9.34E-06
121,246,0.000250026
61,246,1.05E-08
41,246,0.000360002
89,246,6.48E-45
1,248,0.003934861
16,248,3.20E-50
24,248,7.76E-12
61,248,2.43E-09
97,248,0.009945532
41,248,1.31E-10
1,249,8.88E-09
18,249,4.72E-27
17,249,0.000551389
6,249,0.004361311
153,250,0.005135473
1,252,0.00053217
18,252,9.10E-23
24,254,3.84E-40
157,254,0.000190188
1,255,0.001530406
24,255,0.005046167
25,255,0.005046167
74,255,1.09E-07
118,255,0.000257193
132,255,9.41E-11
1,256,0.000882212
113,256,0.003692994
12,259,5.65E-25
34,259,1.07E-22
6,259,5.21E-05
139,261,0.000295264
51,262,0.002966715
34,262,0.001234347
6,262,1.81E-44
101,262,0.009259099
10,264,9.43E-17
39,264,0.000189184
12,266,2.95E-202
13,266,1.97E-35
14,266,2.26E-85
39,266,7.14E-05
124,266,2.73E-23
140,266,1.62E-28
16,267,8.56E-34
41,267,1.68E-07
61,267,1.89E-10
12,268,1.77E-93
13,268,1.17E-13
14,268,1.69E-76
140,268,1.19E-10
6,268,1.79E-11
124,268,2.04E-10
44,268,3.78E-06
91,268,0.004461424
6,269,3.79E-13
16,269,0.001691859
121,269,6.36E-06
61,269,8.24E-07
67,270,0.000310676
37,270,3.10E-68
16,271,3.08E-65
24,271,1.45E-10
61,271,2.40E-12
41,271,1.54E-14
85,272,0.008075431
139,272,0.003762247
98,273,0.003507409
131,273,1.73E-09
9,274,0.001679984
16,275,5.04E-11
61,275,3.46E-10
89,275,1.27E-28
41,275,3.73E-07
21,276,0.008862287
118,276,0.008520792
18,277,0.000444222
25,277,4.20E-15
34,277,0.004281781
6,277,6.19E-06
98,278,0.004340122
34,279,0.004860966
37,279,1.60E-83
148,280,0.008278758
100,281,0.008896305
5,282,8.74E-23
12,282,0.00000000000000000000000000000000000000000000000000000000000000000000000000000000000000000000000000000000000000000000000000000000000000000000000000000000000000000000000000000000000000000000000000000000000000000000000000000000000000000000000000000000000000124138239253915
13,282,1.33E-92
14,282,9.55E-202
34,282,0.002611898
140,282,3.72E-20
14,283,0.00525472
61,283,1.25E-12
90,283,0.003465103
93,283,0.003465103
16,283,9.54E-17
41,283,5.74E-13
6,284,0.00000000000000000000000000000000000000000000000000000000000000000000000000000000000000000000000000000000000000000000000000000000000000000000000000000000000000000000000000000000000000000000000000000000000000000000000000000000000000000000000000000000000000000000000000000000000000000000000000000000000247544957277927
44,284,3.29E-91
46,284,1.51E-27
112,284,7.05E-35
25,285,8.97E-08
24,286,0.007786962
67,286,5.90E-09
21,286,0.009631186
89,287,6.55E-33
16,287,4.66E-10
41,287,5.61E-06
12,288,0.0000000000000000000000000000000000000000000000000000000000000000000000000000000000000000000000000000000000000000000000000000000000000000000000000000000000000000000000000000000000000000000000000000000000000000000000000000000000000000000000000000000000000000000000000000000214880313073659
14,288,5.57E-67
13,288,1.60E-40
124,288,2.30E-15
140,288,8.82E-18
34,288,0.000671046
12,289,9.62E-06
98,289,0.000462202
10,291,0.008650053
85,292,0.003063082
162,293,0.004961151
1,294,3.35E-30
74,294,0.002288491
118,294,0.001283692
24,296,0.000468529
70,296,0.003079379
98,296,2.05E-07
67,296,2.77E-09
16,300,0.000407694
61,300,0.000407694
24,301,0.002086373
132,301,5.43E-33
74,301,9.54E-31
118,301,7.49E-59
6,303,5.45E-67
44,303,7.45E-20
14,303,0.001724268
34,303,0.003753697
8,304,0.006237975
10,304,0.000343574
14,304,0.004664024
27,304,0.001503284
11,305,9.79E-55
16,305,2.24E-06
41,305,4.57E-05
89,305,1.72E-33
61,305,0.001766984
16,308,9.85E-31
41,308,1.72E-24
61,308,5.84E-11
61,310,0.000189464
4,311,7.73E-06
5,311,1.85E-06
13,311,0.001233928
12,311,0.001469565
139,312,3.99E-06
34,315,1.05E-116
12,315,1.68E-10
28,315,1.46E-167
91,315,2.84E-66
17,320,1.39E-82
109,320,5.39E-10
161,320,0.005787398
139,320,0.001527279
141,320,8.87E-09
6,321,0.000000000000000000000000000000000000000000000000000000000000000000000000000000000000000000000000000000000000000000000000000000000000000000000000000000000000000000000000000000000000000000000000000000000000000000000000000000000000000000000000000000000000000000000000000000000000000000000000000000000000000000000000000000524371632557149
25,321,1.32E-114
44,321,1.29E-45
46,321,3.30E-17
112,321,3.22E-23
34,321,0.006593177
28,321,0.000141464
19,323,6.45E-23
22,323,3.06E-32
42,323,4.38E-08
50,323,1.82E-13
75,323,1.93E-12
47,323,3.97E-38
89,324,2.02E-53
16,324,0.002606903
41,324,0.000162267
1,325,0
102,325,7.15E-19
162,325,0.000125332
156,326,7.71E-16
73,326,2.41E-20
83,326,0.005429129
1,328,0
102,328,3.45E-20
162,328,0.001305211
70,328,0.007726683
34,329,0.005404786
44,329,1.46E-09
6,329,2.31E-23
25,329,3.19E-05
98,329,0.006016894
24,329,0.005461753
6,330,0.005484244
16,330,0.000390251
121,330,6.89E-15
61,330,6.47E-05
98,330,0.002048853
5,331,0
1,332,0
5,332,2.40E-08
102,332,1.06E-22
162,332,0.00032457
18,332,0.000196337
24,334,7.72E-22
25,334,4.15E-226
10,335,7.03E-13
25,335,0.005731611
21,336,1.95E-05
60,336,0.003307342
129,336,0.00757365
118,336,1.95E-05
25,337,0.002560661
16,338,6.04E-65
24,338,8.40E-14
61,338,4.95E-12
28,338,1.46E-07
34,338,7.68E-05
41,338,5.05E-14
91,338,0.000131465
14,339,1.00E-05
34,339,5.95E-06
6,339,2.84E-66
28,339,9.11E-09
1,340,3.04E-08
10,340,6.53E-10
19,341,4.46E-61
22,341,2.97E-130
42,341,1.32E-23
50,341,4.00E-67
75,341,8.91E-37
47,341,4.35E-21
80,341,2.76E-15
8,342,0.000172077
10,342,0.00000000000000000000000000000000000000000000000000000000000000000000000000000000000000000000000000000000000000000000000000000000000000000000000000000000000000000000000000000000000000000000000000000000000000000000000000000000000000000000000000000000000000000000000000000000000000000000000000000000000000000652456077576935
11,343,3.66E-07
16,343,8.04E-06
61,343,0.00281775
1,344,0.003280241
25,344,1.89E-06
24,344,1.41E-10
21,344,0.007960788
98,344,2.86E-06
67,344,2.62E-07
8,345,0.00000000000000000000000000000000000000000000000000000000000000000000000000000000000000000000000000000000000000000000000000000000000000000000000000000000000000000000000000000000000000000000000000000000000000000000000000000000000000000000000000000000000000000000301438894660722
27,345,9.83E-113
79,345,3.25E-18
147,345,4.65E-13
21,346,8.47E-80
1,346,3.00E-09
60,346,9.84E-53
24,346,2.10E-11
39,346,0.001405576
85,346,0.005420029
69,346,0.000467647
118,346,4.88E-22
129,346,8.40E-20
135,346,3.10E-20
74,346,2.02E-19
132,346,1.12E-13
108,346,2.52E-24
134,346,0.000888845
8,348,0.0000000000000000000000000000000000000000000000000000000000000000000000000000000000000000000000000000000000000000000000000000000000000000000000000000000000000000000000000000000000000000000000000000000000000000000000000000000000000000000000000000000000000000000000000000000000000000000000000000593431222929618
27,348,3.07E-135
79,348,6.68E-22
147,348,2.22E-21
20,349,0.007121261
118,349,0.009692721
1,350,4.13E-07
5,350,0
162,350,1.43E-07
1,352,2.07E-25
25,352,0.000177552
24,352,0.006001022
24,353,3.65E-35
97,353,9.49E-07
132,353,0.006876458
134,353,7.36E-11
69,353,9.27E-05
135,353,3.75E-09
60,353,9.48E-20
21,353,5.31E-44
129,353,2.83E-07
108,353,8.19E-12
20,354,0.000220858
6,355,1.00E-32
44,355,4.84E-12
46,355,4.42E-59
1,356,1.13E-07
24,356,1.32E-11
10,356,0.000117173
97,356,0.001452236
134,356,0.008878363
12,357,5.31E-227
14,357,3.24E-155
34,357,0.006577792
5,357,4.38E-14
13,357,5.86E-93
140,357,3.92E-17
27,358,0.001309323
8,358,0.000421894
10,358,1.30E-08
8,359,2.45E-10
27,359,6.56E-07
37,359,6.68E-88
1,360,0.000323034
24,360,0.004817683
25,360,3.83E-13
10,360,1.92E-15
4,363,3.22E-91
38,363,0.009241215
5,364,0
12,364,4.21E-177
13,364,8.96E-50
14,364,2.94E-128
140,364,7.34E-17
162,364,1.71E-14
25,365,3.79E-06
112,365,7.93E-48
6,365,0
44,365,1.79E-90
51,365,9.37E-06
46,365,1.50E-19
6,366,0
44,366,3.31E-73
46,366,3.43E-27
112,366,8.78E-27
25,366,0.003149264
51,366,3.15E-06
45,366,0.005377184
28,366,0.005377184
8,367,0
27,367,5.42E-141
9,367,0.00241848
79,367,3.56E-26
147,367,4.41E-11
27,368,0.006418959
20,368,6.34E-51
77,368,1.02E-15
113,368,3.05E-06
157,368,4.38E-05
37,368,2.39E-55
108,368,0.000446123
156,369,5.62E-15
73,369,1.65E-17
83,369,0.006686276
61,370,4.44E-08
89,370,2.00E-21
16,370,1.40E-11
41,370,9.06E-09
13,371,1.03E-06
49,371,3.04E-12
131,372,1.72E-07
1,373,0
10,373,4.97E-05
162,373,1.36E-06
102,373,9.02E-14
8,375,2.25E-06
9,375,1.59E-41
147,375,0.001383485
24,376,9.78E-09
1,376,0.002931117
21,376,2.31E-07
67,376,5.28E-25
70,376,8.63E-05
98,376,0.003275623
14,377,0.002189153
34,377,0.004163616
44,377,1.67E-19
17,379,1.50E-63
139,379,3.99E-05
109,379,9.43E-10
141,379,9.48E-08
61,381,7.37E-07
16,381,9.92E-11
41,381,4.68E-12
1,382,2.60E-07
10,382,2.14E-22
15,384,0.00000000000000000000000000000000000000000000000000000000000000000000000000000000000000000000000000000000000000000000000000000000000000000000000000000000000000000000000000000000000000000000000000000000000000000000000000000000000000000000000000000000000000000000000000000000000000000000000000000000000000126034594224669
7,384,0
95,384,9.48E-39
1,385,0.00839741
5,385,0
162,385,9.74E-15
1,386,0.005170732
5,386,0
162,386,9.31E-11
1,387,9.36E-95
24,387,1.66E-43
102,387,1.52E-07
162,387,0.002141406
20,389,1.56E-69
77,389,2.68E-16
113,389,5.71E-06
157,389,0.000699734
22,390,1.25E-29
42,390,3.93E-07
75,390,6.10E-13
19,390,1.28E-13
50,390,1.46E-16
47,390,7.42E-07
61,391,3.45E-09
89,391,4.08E-29
16,391,4.53E-15
41,391,3.51E-12
5,392,0.0000000000000000000000000000000000000000000000000000000000000000000000000000000000000000000000000000000000000000000000000000000000000000000000000000000000000000000000000000000000000000000000000000000000000000000000000000000000000000000000000000000000000000000000000000000000000000000000000000000000000000000000000622916276572135
60,393,0.005188816
5,393,6.26E-112
39,393,4.53E-80
101,393,2.83E-27
126,393,4.72E-27
162,393,2.77E-11
6,394,0.00982862
1,394,0.000501189
25,394,6.17E-98
24,394,8.48E-06
10,394,0.003782275
1,396,1.41E-113
102,396,0.000572506
6,396,4.46E-52
162,396,0.001956145
24,397,9.39E-05
135,397,3.26E-21
21,397,2.55E-104
74,397,1.71E-21
118,397,1.19E-21
132,397,4.10E-09
70,397,0.000841537
129,397,2.17E-15
67,397,2.98E-09
156,398,1.50E-06
19,399,9.47E-115
22,399,4.43E-173
42,399,5.33E-44
50,399,3.75E-67
75,399,1.23E-47
47,399,2.65E-26
20,399,7.12E-94
77,399,1.96E-35
113,399,9.20E-12
157,399,1.02E-06
80,399,7.72E-17
8,404,6.87E-06
10,404,0.00000000000000000000000000000000000000000000000000000000000000000000000000000000000000000000000000000000000000000000000000000000000000000000000000000000000000000000000000000000000000000000000000000000000000000000000000000000000000000000000000000000000000000000000000000000000000000000000000000000000000000000509795023261983
131,405,0.000167943
24,406,8.83E-08
67,406,0.000148992
43,407,0.00306585
10,407,6.69E-11
25,407,0.007026765
39,407,0.000201214
16,408,0.001311614
61,408,3.39E-07
12,409,0.00077553
5,409,0.005164513
13,409,4.65E-11
12,411,2.16E-19
17,411,0.003835686
7,411,0.00667593
61,412,1.12E-05
16,412,0.000499669
98,413,0.004541261
24,414,0.001870863
37,414,5.63E-50
6,415,0
12,415,0.00156102
34,415,7.92E-22
91,415,4.71E-05
44,415,4.98E-57
112,415,6.28E-41
51,415,0.005534418
28,415,5.37E-24
14,416,0.00569349
16,416,2.22E-26
41,416,4.85E-10
61,416,6.48E-11
17,417,4.51E-64
139,417,0.001867899
109,417,7.82E-13
141,417,5.97E-07
6,418,1.47E-94
44,418,1.58E-29
46,418,1.94E-106
6,419,0.000215238
46,419,1.79E-05
70,420,8.80E-06
67,420,2.53E-26
98,420,0.00549647
1,423,2.49E-05
10,423,2.03E-28
12,424,1.07E-30
14,424,7.06E-65
61,424,1.36E-11
90,424,0.005695343
13,424,1.13E-14
16,424,1.24E-13
41,424,9.34E-12
11,425,1.44E-162
53,425,1.68E-07
5,426,0
162,426,5.36E-15
19,427,4.37E-135
22,427,1.64E-97
42,427,3.35E-18
50,427,1.97E-78
75,427,2.40E-59
47,427,8.63E-08
80,427,6.39E-18
85,428,0.004099182
21,428,5.17E-57
60,428,4.68E-34
1,429,3.80E-08
34,429,0.006948889
24,429,0.000231634
10,429,6.22E-11
25,429,3.99E-05
98,429,0.003576814
1,431,0.000000000000000000000000000000000000000000000000000000000000000000000000000000000000000000000000000000000000000000000000000000000000000000000000000000000000000000000000000000000000000000000000000000000000000000000000000000000000000000000000000000000000000219141441353478
102,431,2.42E-12
10,433,2.36E-10
10,434,0.0000000000000000000000000000000000000000000000000000000000000000000000000000000000000000000000000000000000000000000000000000000000000000000000000000000000000000000000000000000000000000000000000000000000000000000000000000000000000000000000000000000000000000000000000000000000000000000000237788344636044
25,434,3.54E-07
1,435,0.000000000000000000000000000000000000000000000000000000000000000000000000000000000000000000000000000000000000000000000000000000000000000000000000000000000000000000000000000000000000000000000000000000000000000000000000000000000000000000000000000000000000000000000000000000000000000000000000000000000000000000000978574010211881
18,435,2.64E-05
25,435,1.66E-09
102,435,5.78E-13
21,436,4.50E-12
1,436,6.92E-07
25,436,2.52E-10
118,436,4.18E-26
74,436,4.71E-17
132,436,5.50E-08
129,436,0.002545685
60,436,2.75E-08
108,436,2.70E-15
6,437,1.54E-07
12,437,1.15E-127
14,437,9.70E-72
5,437,3.38E-05
13,437,1.03E-46
140,437,7.44E-06
34,437,7.54E-65
91,437,1.03E-12
124,437,4.61E-14
28,437,4.61E-58
4,438,5.06E-203
38,438,1.26E-20
39,438,3.22E-55
51,438,0.000830264
48,438,2.75E-17
87,438,2.61E-16
62,438,4.48E-11
101,438,7.27E-17
126,438,8.49E-17
12,440,0.00000000000000000000000000000000000000000000000000000000000000000000000000000000000000000000000000000000000000000000000000000000000000000000000000000000000000000000000000000000000000000000000000000000000000000000000000000000000000000000000000000000000000000000000000000000000000000000000000000000000000000000000273482259647851
14,440,8.78E-186
89,440,0.000709082
91,440,0.00746346
140,440,6.65E-30
13,440,2.76E-64
124,440,6.20E-40
95,441,0.002568025
17,441,2.55E-11
7,441,3.76E-05
11,443,6.49E-11
64,443,3.75E-09
59,443,3.57E-29
6,444,4.68E-08
16,444,3.32E-06
61,444,5.43E-06
121,444,3.32E-06
4,445,7.61E-43
62,445,3.57E-13
5,445,0
162,445,1.64E-13
1,446,1.66E-09
10,446,6.39E-14
97,446,0.008620346
135,447,3.80E-21
60,447,2.77E-52
21,447,5.84E-81
74,447,7.70E-05
118,447,1.13E-21
132,447,4.00E-06
129,447,2.19E-24
108,447,3.33E-34
67,447,0.008276778
20,449,9.45E-122
77,449,3.67E-48
113,449,6.49E-08
157,449,4.48E-09
39,450,2.21E-69
135,450,2.52E-24
21,450,1.67E-167
129,450,5.37E-37
60,450,3.50E-78
101,450,3.33E-20
126,450,6.25E-26
19,451,4.62E-117
22,451,3.71E-155
42,451,8.82E-44
75,451,1.23E-45
50,451,6.11E-95
47,451,1.77E-155
80,451,3.82E-43
17,452,2.36E-109
18,452,2.15E-17
24,453,8.82E-05
118,453,0.001372261
60,454,1.13E-103
135,454,7.04E-39
129,454,5.72E-36
21,454,8.15E-212
108,454,5.66E-44
10,456,0.000668613
1,457,3.73E-17
118,457,0.003337827
61,459,0.001525062
6,459,0.002668214
24,460,0.00081161
98,460,0.001307742
59,463,1.27E-30
8,464,6.40E-20
7,464,0.009994515
15,464,2.29E-06
27,464,4.38E-08
79,464,0.003076821
19,465,3.21E-59
22,465,9.93E-35
42,465,5.73E-09
50,465,1.14E-35
75,465,2.71E-21
80,465,4.59E-06
1,466,5.15E-05
24,466,0.006182767
10,466,1.11E-11
12,467,0.00000000000000000000000000000000000000000000000000000000000000000000000000000000000000000000000000000000000000000000000000000000000000000000000000000000000000000000000000000000000000000000000000000000000000000000000000000000000000000000000000000000770949536592128
14,467,2.86E-190
140,467,1.05E-22
13,467,1.82E-96
124,467,6.15E-22
5,467,3.44E-09
4,468,6.85E-76
62,468,9.96E-32
5,468,4.85E-07
20,469,5.91E-107
77,469,1.91E-30
113,469,1.05E-11
157,469,2.04E-09
21,469,4.17E-25
60,469,2.60E-19
129,469,7.02E-05
108,469,9.66E-45
17,470,3.86E-09
139,470,0.004198542
9,471,3.04E-211
1,472,0
5,472,1.87E-06
102,472,1.44E-27
162,472,0.000190229
18,472,5.84E-05
1,473,0.000206098
24,473,0.004352435
10,473,1.31E-33
25,473,2.13E-20
21,474,0.005151843
118,474,0.005151843
1,475,4.59E-19
21,475,8.56E-23
118,475,3.34E-08
132,475,0.000223379
60,475,1.26E-15
108,475,1.75E-39
129,475,4.92E-07
6,476,3.31E-10
16,476,0.001020872
121,476,0.000114774
61,476,5.10E-07
11,478,3.69E-77
64,478,6.51E-08
156,478,4.33E-20
73,478,5.50E-28
59,478,1.14E-10
53,478,4.67E-16
6,480,0
44,480,1.05E-58
51,480,0.009971673
17,480,1.45E-65
112,480,3.73E-33
46,480,3.19E-07
5,481,0
162,481,4.11E-12
17,482,2.75E-21
161,482,0.006598345
18,482,0.008891099
44,482,0.006683398
112,482,0.009369936
21,483,6.57E-07
129,483,0.000767591
4,483,7.46E-99
118,483,1.08E-11
74,483,0.000201447
9,485,1.34E-129
113,486,1.13E-27
157,486,2.37E-20
20,486,1.30E-130
77,486,5.08E-36
9,487,1.34E-161
17,488,9.01E-56
109,488,0.000110766
141,488,4.66E-08
131,489,3.36E-06
17,490,1.40E-07
161,490,1.28E-06
109,490,2.54E-18
141,490,2.16E-07
11,491,2.43E-124
64,491,9.95E-10
53,491,1.32E-41
59,491,2.41E-11
156,491,1.01E-05
11,492,4.30E-224
53,492,4.18E-29
64,492,1.63E-05
61,493,2.41E-07
16,493,1.32E-07
41,493,3.35E-11
100,493,0.007084966
9,496,0.008796621
4,497,0
38,497,8.54E-40
62,497,2.16E-47
48,497,1.10E-66
12,498,0.002465777
17,498,4.03E-07
50,498,0.009325551
75,498,0.00206916
7,498,9.27E-10
19,498,0.000208807
15,498,0.000326904
95,498,0.00075891
18,498,0.007566113
20,499,1.41E-05
77,499,0.000352887
10,500,0.000129127
18,500,0.001098008
25,500,1.97E-13
74,500,0.002649787
24,501,0.002297043
20,501,2.61E-07
102,502,1.46E-10
1,502,1.06E-205
17,502,0.001327969
18,502,2.30E-22
17,504,0.000926357
161,504,7.11E-06
109,504,2.70E-10
141,504,9.18E-07
8,505,0.008542627
37,505,2.09E-85
89,506,1.83E-33
16,506,0.000125772
41,506,1.04E-05
11,509,0.0000000000000000000000000000000000000000000000000000000000000000000000000000000000000000000000000000000000000000000000000000000000000000000000000000000000000000000000000000000000000000000000000000000000000000000000000000000000000000000000000000000000000000000000000000000000000000000000000000000000000000000000000000129563873778538
64,509,2.22E-06
11,510,4.46E-121
64,510,2.23E-11
157,510,0.001272207
20,510,3.50E-38
77,510,2.54E-09
113,510,1.63E-05
53,510,5.52E-31
11,511,0.00000000000000000000000000000000000000000000000000000000000000000000000000000000000000000000000000000000000000000000000000000000000000000000000000000000000000000000000000000000000000000000000000000000000000000000000000000000000000000000000000157405930479082
53,511,2.55E-42
59,511,0.002574613
64,511,8.15E-09
156,511,0.006261918
156,513,1.12E-17
73,513,4.06E-14
34,516,3.13E-70
6,516,0.000563236
12,516,0.002207718
25,516,3.71E-06
91,516,1.94E-08
24,516,0.000825433
10,516,0.006622558
28,516,3.13E-70
113,517,1.42E-13
157,517,2.64E-08
20,517,6.47E-78
77,517,7.19E-25
17,518,4.59E-86
18,518,0.001817725
161,518,4.43E-05
139,518,0.006434299
109,518,8.46E-15
141,518,1.16E-10
1,520,2.67E-06
25,520,0.000490831
74,520,1.37E-29
132,520,5.32E-17
21,520,9.95E-30
118,520,1.32E-43
129,520,3.76E-06
67,520,0.007783553
11,522,0.0000000000000000000000000000000000000000000000000000000000000000000000000000000000000000000000000000000000000000000000000000000000000000000000000000000000000000000000000000000000000000000000000000000000000000000000000000000000000000000000000000000000261523268348102
53,522,9.17E-40
64,522,1.14E-09
11,523,4.91E-177
53,523,5.94E-55
64,523,4.10E-18
59,523,2.06E-09
156,523,0.000437318
17,524,2.66E-117
18,524,0.003165697
20,525,1.89E-69
77,525,1.43E-21
113,525,6.46E-09
157,525,1.79E-10
4,527,0
48,527,3.83E-56
38,527,5.77E-20
62,527,3.83E-56
1,528,3.08E-07
34,528,2.73E-07
25,528,5.90E-06
24,528,0.008144962
17,529,2.61E-88
18,529,8.47E-05
14,530,1.97E-08
34,530,0.000553926
6,530,4.62E-68
14,531,0.001755824
16,531,3.25E-16
61,531,2.87E-13
41,531,3.25E-16
11,532,1.44E-27
13,533,5.76E-07
12,535,0.000977894
17,535,3.18E-07
7,535,0.003987198
1,536,0.000915175
25,536,3.83E-05
24,536,3.83E-05
134,536,0.006624967
19,537,1.61E-91
22,537,1.17E-122
42,537,4.22E-32
50,537,2.87E-34
75,537,3.31E-36
49,537,0.000479337
80,537,3.95E-24
47,537,1.08E-53
34,538,0.000301639
44,538,6.63E-63
6,538,0.00000000000000000000000000000000000000000000000000000000000000000000000000000000000000000000000000000000000000000000000000000000000000000000000000000000000000000000000000000000000000000000000000000000000000000000000000000000000000000000000000000000000000000000000000000000000000000580662879335417
25,538,0.000109371
46,538,5.27E-17
112,538,2.28E-26
9,539,9.56E-128
18,541,3.65E-14
25,541,1.70E-05
17,541,7.28E-06
6,541,0.000869609
19,542,5.47E-102
22,542,9.98E-195
42,542,2.47E-34
50,542,6.78E-91
75,542,1.17E-46
47,542,1.69E-25
80,542,1.06E-16
12,543,2.87E-221
14,543,0.000000000000000000000000000000000000000000000000000000000000000000000000000000000000000000000000000000000000000000000000000000000000000000000000000000000000000000000000000000000000000000000000000000000000000000000000000000000000000000000000000000000000000000000000000000000000000000116339181709441
13,543,4.49E-42
140,543,2.28E-32
124,543,4.14E-29
6,545,0.00028554
12,545,1.27E-204
14,545,1.21E-143
5,545,1.40E-06
13,545,7.02E-81
140,545,9.30E-12
124,545,1.87E-15
34,545,6.52E-05
98,546,0.008047464
47,546,0.004119254
9,547,5.28E-119
17,548,1.28E-10
161,548,5.27E-05
18,548,5.81E-160
109,548,1.34E-17
141,548,8.07E-10
16,550,0.000654262
41,550,0.002095515
89,550,4.34E-50
61,550,0.003906822
1,551,5.13E-144
16,551,2.39E-31
24,551,0.000186894
61,551,0.001345218
41,551,2.17E-09
102,551,0.000186894
6,552,0
34,552,0.007997626
51,552,0.00853379
44,552,1.38E-69
46,552,5.19E-78
112,552,7.95E-18
19,553,1.40E-29
22,553,2.82E-118
42,553,1.22E-25
47,553,1.17E-154
50,553,2.01E-53
75,553,7.82E-24
80,553,1.83E-24
20,554,9.13E-70
77,554,1.21E-18
113,554,7.91E-06
157,554,1.87E-08
25,555,0.009433364
21,555,1.06E-13
74,555,2.42E-39
118,555,2.10E-45
132,555,4.70E-20
12,556,0.007349353
14,556,4.49E-05
61,556,2.59E-09
89,556,1.36E-53
16,556,1.45E-12
41,556,1.03E-08
12,557,1.38E-235
14,557,0.00000000000000000000000000000000000000000000000000000000000000000000000000000000000000000000000000000000000000000000000000000000000000000000000000000000000000000000000000000000000000000000000000000000000000000000000000000000000000000000000000000000000000000000000000000000000000000000000000000000000000000000000112145787531013
13,557,1.38E-93
140,557,1.63E-17
16,557,2.34E-05
89,558,4.69E-07
1,559,1.96E-05
25,559,4.78E-05
24,559,0.000265254
98,559,0.001715298
10,559,0.002817914
9,560,1.60E-05
